variant_name,point,ann_level_5_macro_f1,ann_level_5_balanced_accuracy,ann_level_5_coverage,ann_level_5_unknown_rate,full_path_accuracy,full_path_coverage,mean_path_consistency_rate,parent_correct_child_wrong_rate,path_break_rate,ann_level_5_macro_f1_baseline,full_path_accuracy_baseline,parent_correct_child_wrong_rate_baseline,delta_vs_baseline_ann_level_5_macro_f1,delta_vs_baseline_full_path_accuracy,delta_vs_baseline_parent_correct_child_wrong_rate
baseline,build_100000_eval10k,0.6509931551081501,0.6384355587381754,0.969,0.031,0.831,0.9531,1.0,0.0318,0.0,0.6509931551081501,0.831,0.0318,0.0,0.0,0.0
reranker_top4,build_100000_eval10k,0.6538383990672868,0.6599354024914498,0.9865,0.0135,0.8264,0.9703,1.0,0.0364,0.0,0.6509931551081501,0.831,0.0318,0.0028452439591366563,-0.0045999999999999375,0.0046
reranker_top6,build_100000_eval10k,0.6540643574874399,0.6608976530551539,0.9871,0.0129,0.8266,0.9707,1.0,0.036,0.0,0.6509931551081501,0.831,0.0318,0.003071202379289706,-0.0043999999999999595,0.004199999999999995
baseline,predict_100000_10000,0.6887323609459964,0.6824906881230501,0.9678,0.0322,0.8239,0.9501,1.0,0.0334,0.0,0.6887323609459964,0.8239,0.0334,0.0,0.0,0.0
reranker_top4,predict_100000_10000,0.6929695642549526,0.7037294787606836,0.9879,0.0121,0.8199,0.97,1.0,0.0374,0.0,0.6887323609459964,0.8239,0.0334,0.004237203308956161,-0.0040000000000000036,0.0040000000000000036
reranker_top6,predict_100000_10000,0.6930154542745182,0.7045978130437819,0.9885,0.0115,0.82,0.9702,1.0,0.0371,0.0,0.6887323609459964,0.8239,0.0334,0.004283093328521725,-0.0039000000000000146,0.003700000000000002
