variant_name,point,ann_level_5_macro_f1,ann_level_5_balanced_accuracy,ann_level_5_coverage,ann_level_5_unknown_rate,full_path_accuracy,full_path_coverage,mean_path_consistency_rate,parent_accuracy,child_accuracy,parent_correct_child_wrong_rate,parent_wrong_child_correct_rate,both_wrong_rate,child_unknown_rate,parent_unknown_rate,path_break_rate,reranker_fit_seconds,reranker_apply_seconds,ann_level_5_macro_f1_baseline,full_path_accuracy_baseline,parent_correct_child_wrong_rate_baseline,delta_vs_baseline_ann_level_5_macro_f1,delta_vs_baseline_full_path_accuracy,delta_vs_baseline_parent_correct_child_wrong_rate
auto_parent_conditioned_reranker,build_100000_eval10k,0.6540643574874399,0.6608976530551539,0.9871,0.0129,0.8266,0.9707,1.0,0.8646,0.8341,0.036,0.0055,0.1299,0.0129,0.0196,0.0,6.328308243304491,0.5143977655097842,0.6509931551081501,0.831,0.0318,0.003071202379289706,-0.0043999999999999595,0.004199999999999995
baseline,build_100000_eval10k,0.6509931551081501,0.6384355587381754,0.969,0.031,0.831,0.9531,1.0,0.8646,0.8387,0.0318,0.0059,0.1295,0.031,0.0196,0.0,0.0,0.0,0.6509931551081501,0.831,0.0318,0.0,0.0,0.0
auto_parent_conditioned_reranker,predict_100000_10000,0.6930154542745182,0.7045978130437819,0.9885,0.0115,0.82,0.9702,1.0,0.8602,0.8301,0.0371,0.007,0.1328,0.0115,0.0189,0.0,6.328308243304491,0.5155127067118883,0.6887323609459964,0.8239,0.0334,0.004283093328521725,-0.0039000000000000146,0.003700000000000002
baseline,predict_100000_10000,0.6887323609459964,0.6824906881230501,0.9678,0.0322,0.8239,0.9501,1.0,0.8602,0.8336,0.0334,0.0068,0.133,0.0322,0.0189,0.0,0.0,0.0,0.6887323609459964,0.8239,0.0334,0.0,0.0,0.0
