variant_name,point,anno_lv4_macro_f1_mean,anno_lv4_macro_f1_std,full_path_accuracy_mean,full_path_accuracy_std,parent_correct_child_wrong_rate_mean,parent_correct_child_wrong_rate_std,delta_vs_baseline_macro_f1_mean,delta_vs_baseline_full_path_accuracy_mean,delta_vs_baseline_parent_correct_child_wrong_rate_mean
reranker_top6,build_100000_eval10k,0.5695555808811845,0.0045743722833750155,0.46020000000000005,0.003864582771787923,0.10274000000000001,0.003877241287307252,-0.0011143946931482462,0.028239999999999998,-0.02844
reranker_top6,predict_100000_10000,0.5873554117171907,0.0023683228912230853,0.46664000000000005,0.004926256184974545,0.09504,0.0035288808424201565,0.00017888375300902925,0.028280000000000007,-0.028440000000000003
reranker_top8,build_100000_eval10k,0.5706822803443746,0.004255725057999608,0.46608,0.0048220327663756205,0.09659999999999999,0.003185121661726595,1.2304770041793311e-05,0.03412,-0.03458
reranker_top8,predict_100000_10000,0.5885569775124514,0.002093203817423038,0.47216,0.004532990183091056,0.08925999999999999,0.0030988707620680134,0.0013804495482697687,0.03380000000000001,-0.03422000000000001
