config_name,point,macro_f1_mean,macro_f1_std,balanced_accuracy_mean,balanced_accuracy_std,full_path_accuracy_mean,full_path_accuracy_std,coverage_mean,coverage_std,unknown_rate_mean,unknown_rate_std
lv4strong_baseline,build_100000_eval10k,0.5679589538830779,0.006882400619504058,0.5701648764983467,0.010553382923369593,0.46556,0.010999227245584128,0.77164,0.015857269626262934,0.22835999999999998,0.0158572696262629
lv4strong_plus_class_weight,build_100000_eval10k,0.5706699755743327,0.00529759622707404,0.5841399299570371,0.0044453982487662365,0.43196,0.010315910042259938,0.78718,0.024607153431471903,0.21282,0.024607153431471906
lv4strong_baseline,predict_100000_10000,0.5684502661581476,0.01221627880559943,0.5655208490320298,0.010895112893414842,0.46904,0.011409995617878218,0.7655000000000001,0.013594668072446633,0.23450000000000001,0.013594668072446643
lv4strong_plus_class_weight,predict_100000_10000,0.5871765279641817,0.005695367841728009,0.5865069446721917,0.008729360036649703,0.43835999999999997,0.010419596921186552,0.7823399999999999,0.0220403720476765,0.21766000000000002,0.02204037204767651
