variant_name,point,anno_lv4_macro_f1_mean,anno_lv4_macro_f1_std,anno_lv4_balanced_accuracy_mean,anno_lv4_balanced_accuracy_std,full_path_accuracy_mean,full_path_accuracy_std,anno_lv4_coverage_mean,anno_lv4_coverage_std,parent_correct_child_wrong_rate_mean,parent_correct_child_wrong_rate_std,path_break_rate_mean,path_break_rate_std,delta_vs_baseline_anno_lv4_macro_f1_mean,delta_vs_baseline_full_path_accuracy_mean,delta_vs_baseline_parent_correct_child_wrong_rate_mean
baseline,predict_100000_10000,0.5871765279641817,0.005695367841728009,0.5865069446721917,0.008729360036649703,0.43835999999999997,0.010419596921186552,0.7823399999999999,0.0220403720476765,0.12348,0.009860882313464658,0.0,0.0,0.0,0.0,0.0
reranker_top2,predict_100000_10000,0.5898229664826546,0.004212099316403789,0.5956823271693367,0.006527269326797074,0.44905999999999996,0.0062324152621596055,0.8175399999999999,0.024088856344791444,0.11272,0.0058238303546720846,0.0,0.0,0.0026464385184729712,0.01070000000000001,-0.010760000000000006
reranker_top4,predict_100000_10000,0.585024693210438,0.002065007147798032,0.611944617620802,0.005127505257992755,0.46075999999999995,0.0054647049325649835,0.8872,0.008685908127536252,0.10091999999999998,0.005104605763425806,0.0,0.0,-0.002151834753743609,0.02240000000000001,-0.022560000000000004
reranker_top6,predict_100000_10000,0.5873882447117136,0.0023682437770089467,0.6178856850162057,0.0047726746494982765,0.46665999999999996,0.004926256184974548,0.89944,0.008893143426258262,0.09502,0.0035152524802636864,0.0,0.0,0.00021171674753195369,0.028300000000000002,-0.028460000000000006
