dataset,track,config_name,point,hierarchy_setting,enforce_hierarchy,level,accuracy,macro_f1,balanced_accuracy,coverage,reject_rate,covered_accuracy,risk,ece,brier,aurc,unknown_rate,train_elapsed_seconds,predict_elapsed_seconds
PHMap_Lung_Full_v43_light,gpu,lv4strong_candidate,build_100000_eval10k,off,False,anno_lv4,0.4835,0.5641769470768305,0.5764048380278716,0.8179,0.18210000000000004,0.5911480621102825,0.4088519378897175,0.18019507284640449,0.22967876493930817,0.218410924077034,0.1821,24.4845,0.1875
PHMap_Lung_Full_v43_light,gpu,lv4strong_candidate,build_100000_eval10k,on,True,anno_lv4,0.4685,0.5602719623418405,0.5619064079607091,0.7764,0.22360000000000002,0.6034260690365791,0.39657393096342086,0.17789918757372455,0.2279088795185089,0.210285022854805,0.2236,24.4845,0.1704
PHMap_Lung_Full_v43_light,gpu,lv4strong_candidate,predict_100000_10000,off,False,anno_lv4,0.484,0.5537215003250712,0.561504426677627,0.807,0.19299999999999995,0.5997521685254027,0.4002478314745973,0.1732957427792685,0.2249685674905777,0.2087661474943161,0.193,24.4845,0.1884
PHMap_Lung_Full_v43_light,gpu,lv4strong_candidate,predict_100000_10000,on,True,anno_lv4,0.4718,0.5529779671705988,0.5498279268050212,0.7668,0.23319999999999996,0.6152842983828899,0.3847157016171101,0.16727750123433288,0.22225919365882874,0.1998039186000824,0.2332,24.4845,0.1706
PHMap_Lung_Full_v43_light,gpu,uniform_control,build_100000_eval10k,off,False,anno_lv4,0.4757,0.5501637907114357,0.557762644601307,0.7921,0.20789999999999997,0.6005554854185078,0.3994445145814922,0.13465571720113118,0.20454391837120056,0.19644680619239807,0.2079,22.7979,0.1863
PHMap_Lung_Full_v43_light,gpu,uniform_control,build_100000_eval10k,on,True,anno_lv4,0.4638,0.5492544282374463,0.5501577982162398,0.7663,0.23370000000000002,0.605245987211275,0.394754012788725,0.13673978758499206,0.2029310166835785,0.19118575751781464,0.2337,22.7979,0.2021
PHMap_Lung_Full_v43_light,gpu,uniform_control,predict_100000_10000,off,False,anno_lv4,0.4736,0.5445792690715602,0.544545897331881,0.7842,0.2158,0.6039275694975772,0.3960724305024228,0.13088562371277193,0.1976344883441925,0.1868419349193573,0.2158,22.7979,0.1629
PHMap_Lung_Full_v43_light,gpu,uniform_control,predict_100000_10000,on,True,anno_lv4,0.4619,0.541423354151696,0.5355236721832235,0.7574,0.24260000000000004,0.6098494850805387,0.3901505149194613,0.1316658385886912,0.19580374658107758,0.18131130933761597,0.2426,22.7979,0.1947
