dataset,track,config_name,point,hierarchy_setting,enforce_hierarchy,coverage,reject_rate,covered_accuracy,risk,ece,brier,aurc,unknown_rate,finest_level
PHMap_Lung_Full_v43_light,gpu,lv4strong_candidate,build_100000_eval10k,off,False,0.8948,0.10519999999999996,0.6589181940098346,0.34108180599016535,0.14640715278628472,0.18348489701747894,0.13182693719863892,0.1052,anno_lv4
PHMap_Lung_Full_v43_light,gpu,lv4strong_candidate,build_100000_eval10k,on,True,0.8681,0.13190000000000002,0.6719271973274968,0.32807280267250316,0.14210571731280763,0.18125706911087036,0.12569768726825714,0.1319,anno_lv4
PHMap_Lung_Full_v43_light,gpu,lv4strong_candidate,predict_100000_10000,off,False,0.8899,0.11009999999999998,0.6518709967412069,0.34812900325879315,0.14963344914321888,0.18760748207569122,0.1363711953163147,0.1101,anno_lv4
PHMap_Lung_Full_v43_light,gpu,lv4strong_candidate,predict_100000_10000,on,True,0.8622,0.13780000000000003,0.662491301322199,0.337508698677801,0.14796019066751653,0.18577493727207184,0.13036102056503296,0.1378,anno_lv4
PHMap_Lung_Full_v43_light,gpu,uniform_control,build_100000_eval10k,off,False,0.8972,0.1028,0.6482389656709764,0.3517610343290236,0.13257616461884536,0.1728009432554245,0.1300286203622818,0.1028,anno_lv4
PHMap_Lung_Full_v43_light,gpu,uniform_control,build_100000_eval10k,on,True,0.8754,0.12460000000000004,0.6526159469956592,0.34738405300434083,0.1344971807232275,0.17097947001457214,0.12587003409862518,0.1246,anno_lv4
PHMap_Lung_Full_v43_light,gpu,uniform_control,predict_100000_10000,off,False,0.8923,0.10770000000000002,0.6423848481452427,0.35761515185475734,0.1333985322963012,0.1752532422542572,0.13385923206806183,0.1077,anno_lv4
PHMap_Lung_Full_v43_light,gpu,uniform_control,predict_100000_10000,on,True,0.8686,0.13139999999999996,0.6444853787704352,0.3555146212295648,0.13759727381133768,0.17365403473377228,0.13000385463237762,0.1314,anno_lv4
