group,method,accuracy,macro_f1,ece,aurc,reject_rate
cpu,atlasmtl,0.8376,0.5642573978822474,0.03812855234055741,0.03535771369934082,0.029200000000000004
cpu,celltypist,0.8618,0.7386070490699942,0.09992293780744074,0.041358426213264465,0.0
cpu,reference_knn,0.7766,0.49416171309840473,0.04605516306012869,0.0835118219256401,0.0
cpu,seurat_anchor_transfer,0.8112,0.4562704371586342,0.07669038204550743,0.06043704226613045,0.0
cpu,singler,0.8026,0.6863471476221256,0.7177363096282641,0.08345378935337067,0.0242
cpu,symphony,0.6976,0.4191558889740128,0.07690669168531895,0.159105122089386,0.0
gpu,atlasmtl,0.8536,0.5657812052095266,0.027972541959115818,0.03275270387530327,0.0262
gpu,scanvi,0.8672,0.642245261464511,0.04522147223353386,0.03154662996530533,0.0
