param_id,query_size,n_runs,mean_macro_f1,std_macro_f1,mean_accuracy,std_accuracy
p8_e25_25_20_nl20,5000,10,0.7476982259010375,0.09173743405413878,0.84084,0.11963346986153627
p6_e20_20_20_nl20,5000,10,0.7310182395064688,0.09356498734782918,0.8382799999999999,0.11636456887252622
p6_e20_20_20_nl20,10000,10,0.7366806902699724,0.09818472977986212,0.8371999999999999,0.11719417884671386
p8_e25_25_20_nl20,10000,10,0.7362138822494686,0.09651246020205409,0.83851,0.1147811197211651
