param_id,n_runs,n_datasets,mean_macro_f1,mean_accuracy,mean_total_elapsed_seconds,scvi_max_epochs,scanvi_max_epochs,query_max_epochs,n_latent
p8_e25_25_20_nl20,5,5,0.7458628664970008,0.84016,41.23856,25,25,20,20
p6_e20_20_20_nl20,5,5,0.7261090343632434,0.83908,34.40514,20,20,20,20
p7_e25_25_20_nl10,5,5,0.7230658230127182,0.8336399999999999,40.79678,25,25,20,10
p5_e20_20_20_nl10,5,5,0.7209644930518901,0.8329599999999999,33.32642,20,20,20,10
p4_e15_15_10_nl20,5,5,0.7115378373830574,0.83748,24.39292,15,15,10,20
p3_e15_15_10_nl10,5,5,0.6851748942982044,0.83152,24.3048,15,15,10,10
p2_e10_10_5_nl20,5,5,0.6523874839183342,0.82408,15.996039999999999,10,10,5,20
p1_e10_10_5_nl10,5,5,0.6193446402515018,0.8178000000000001,16.07948,10,10,5,10
