dataset,track,config_name,point,level,accuracy,macro_f1,balanced_accuracy,coverage,covered_accuracy,unknown_rate,task_weights,train_elapsed_seconds,predict_elapsed_seconds,full_path_accuracy,full_path_coverage,mean_path_consistency_rate
HLCA_Core,gpu,mild_lv5,build_100000_eval10k,ann_level_5,0.8377,0.6461054511426848,0.6256826856719209,0.9723,0.8615653604854469,0.0277,"[0.7, 0.8, 1.0, 1.2, 2.0]",28.1414,0.1652,0.8291,0.9544,1.0
HLCA_Core,gpu,strong_lv5,build_100000_eval10k,ann_level_5,0.8395,0.6351745507137376,0.6201682854814072,0.9671,0.8680591459001138,0.0329,"[0.4, 0.6, 0.9, 1.3, 3.0]",25.7217,0.1697,0.8298,0.9482,1.0
HLCA_Core,gpu,uniform,build_100000_eval10k,ann_level_5,0.8387,0.6509931551081501,0.6384355587381754,0.969,0.865531475748194,0.031,"[1.0, 1.0, 1.0, 1.0, 1.0]",28.2067,0.186,0.831,0.9531,1.0
HLCA_Core,gpu,mild_lv5,predict_100000_10000,ann_level_5,0.8285,0.687933315937717,0.674774456040046,0.9703,0.8538596310419458,0.0297,"[0.7, 0.8, 1.0, 1.2, 2.0]",28.1414,0.1974,0.819,0.9537,1.0
HLCA_Core,gpu,strong_lv5,predict_100000_10000,ann_level_5,0.8295,0.6755306247276095,0.662135197584354,0.9636,0.8608343711083437,0.0364,"[0.4, 0.6, 0.9, 1.3, 3.0]",25.7217,0.1859,0.8179,0.9439,1.0
HLCA_Core,gpu,uniform,predict_100000_10000,ann_level_5,0.8336,0.6887323609459964,0.6824906881230501,0.9678,0.8613349865674726,0.0322,"[1.0, 1.0, 1.0, 1.0, 1.0]",28.2067,0.2107,0.8239,0.9501,1.0
