variant_name,point,anno_lv4_macro_f1,anno_lv4_balanced_accuracy,anno_lv4_coverage,anno_lv4_unknown_rate,full_path_accuracy,full_path_coverage,mean_path_consistency_rate,parent_accuracy,child_accuracy,parent_correct_child_wrong_rate,parent_wrong_child_correct_rate,both_wrong_rate,child_unknown_rate,parent_unknown_rate,path_break_rate,anno_lv4_macro_f1_baseline,full_path_accuracy_baseline,parent_correct_child_wrong_rate_baseline,delta_vs_baseline_anno_lv4_macro_f1,delta_vs_baseline_full_path_accuracy,delta_vs_baseline_parent_correct_child_wrong_rate
baseline,build_100000_eval10k,0.5722354257734904,0.5792432577555651,0.7992,0.2008,0.4325,0.7795,1.0,0.5626,0.4418,0.1276,0.0068,0.4306,0.2008,0.0336,0.0,0.5722354257734904,0.4325,0.1276,0.0,0.0,0.0
auto_reranker_top6,build_100000_eval10k,0.5731333152428106,0.609003227193531,0.8968,0.1032,0.4577,0.8752,1.0,0.5626,0.467,0.1024,0.0068,0.4306,0.1032,0.0336,0.0,0.5722354257734904,0.4325,0.1276,0.0008978894693202344,0.0252,-0.025199999999999986
baseline,predict_100000_10000,0.582737815904619,0.5781603505793257,0.7968,0.2032,0.4375,0.7778,1.0,0.563,0.4462,0.1225,0.0057,0.4313,0.2032,0.0315,0.0,0.582737815904619,0.4375,0.1225,0.0,0.0,0.0
auto_reranker_top6,predict_100000_10000,0.5855994923926136,0.610536521351382,0.8886,0.1114,0.4628,0.8679,1.0,0.563,0.4718,0.097,0.0058,0.4312,0.1114,0.0315,0.0,0.582737815904619,0.4375,0.1225,0.0028616764879945134,0.02529999999999999,-0.025499999999999995
