param_id,query_size,n_runs,mean_macro_f1,std_macro_f1,mean_accuracy,std_accuracy
g6_lr1e3_h1024_512_b512,5000,10,0.70307742346311,0.09587948379154299,0.81836,0.12196129805074327
g12_lr3e4_h1024_512_b512,5000,10,0.6918816426214396,0.09385187238977509,0.8162799999999999,0.12354753291300032
g12_lr3e4_h1024_512_b512,10000,10,0.6892576457932937,0.09930644533420906,0.81798,0.12291048956230077
g6_lr1e3_h1024_512_b512,10000,10,0.6834348684631901,0.10380225160008724,0.81267,0.12681746330848923
