param_id,query_size,n_runs,mean_macro_f1,std_macro_f1,mean_accuracy,std_accuracy
c5_lr3e4_h256_128_b128,5000,10,0.6970458168542093,0.1000928093600216,0.8154600000000001,0.13131729343675777
c2_lr1e3_h256_128_b256,5000,10,0.6861052531350086,0.08800318789130507,0.8105800000000001,0.12870066735560381
c2_lr1e3_h256_128_b256,10000,10,0.6898103543576815,0.09914004014154158,0.81605,0.12494298477483426
c5_lr3e4_h256_128_b128,10000,10,0.6781350007789093,0.1048241467299575,0.81318,0.1284092312361797
